"Data Source","World Development Indicators",

"Last Updated Date","2020-10-15",

"Country Name","Country Code","Indicator Name","Indicator Code","1960","1961","1962","1963","1964","1965","1966","1967","1968","1969","1970","1971","1972","1973","1974","1975","1976","1977","1978","1979","1980","1981","1982","1983","1984","1985","1986","1987","1988","1989","1990","1991","1992","1993","1994","1995","1996","1997","1998","1999","2000","2001","2002","2003","2004","2005","2006","2007","2008","2009","2010","2011","2012","2013","2014","2015","2016","2017","2018","2019","2020",
"Aruba","ABW","Children in employment, total (% of children ages 7-14)","SL.TLF.0714.ZS","","","","","","","","","","","","","","","","","","","","","","","","","","","","","","","","","","","","","","","","","","","","","","","","","","","","","","","","","","","","","",
"Afghanistan","AFG","Children in employment, total (% of children ages 7-14)","SL.TLF.0714.ZS","","","","","","","","","","","","","","","","","","","","","","","","","","","","","","","","","","","","","","","","","","","","","","","","","","","","9.3","","","","","","","","","",
"Angola","AGO","Children in employment, total (% of children ages 7-14)","SL.TLF.0714.ZS","","","","","","","","","","","","","","","","","","","","","","","","","","","","","","","","","","","","","","","","","","30.1","","","","","","","","","","","","","","","","","","","",
"Albania","ALB","Children in employment, total (% of children ages 7-14)","SL.TLF.0714.ZS","","","","","","","","","","","","","","","","","","","","","","","","","","","","","","","","","","","","","","","","","36.58605","","","","","22","","","","","5.5","","","","","","","","","","",
"Andorra","AND","Children in employment, total (% of children ages 7-14)","SL.TLF.0714.ZS","","","","","","","","","","","","","","","","","","","","","","","","","","","","","","","","","","","","","","","","","","","","","","","","","","","","","","","","","","","","","",
"Arab World","ARB","Children in employment, total (% of children ages 7-14)","SL.TLF.0714.ZS","","","","","","","","","","","","","","","","","","","","","","","","","","","","","","","","","","","","","","","","","","","","","","","","","","","","","","","","","","","","","",
"United Arab Emirates","ARE","Children in employment, total (% of children ages 7-14)","SL.TLF.0714.ZS","","","","","","","","","","","","","","","","","","","","","","","","","","","","","","","","","","","","","","","","","","","","","","","","","","","","","","","","","","","","","",
"Argentina","ARG","Children in employment, total (% of children ages 7-14)","SL.TLF.0714.ZS","","","","","","","","","","","","","","","","","","","","","","","","","","","","","","","","","","","","","","","","","","","","","12.9","","","","","","","","5.025251","","","","","","","","",
"Armenia","ARM","Children in employment, total (% of children ages 7-14)","SL.TLF.0714.ZS","","","","","","","","","","","","","","","","","","","","","","","","","","","","","","","","","","","","","","","","","","","","","","","","","","","9.9","","","","","","","","","","",
"American Samoa","ASM","Children in employment, total (% of children ages 7-14)","SL.TLF.0714.ZS","","","","","","","","","","","","","","","","","","","","","","","","","","","","","","","","","","","","","","","","","","","","","","","","","","","","","","","","","","","","","",
"Antigua and Barbuda","ATG","Children in employment, total (% of children ages 7-14)","SL.TLF.0714.ZS","","","","","","","","","","","","","","","","","","","","","","","","","","","","","","","","","","","","","","","","","","","","","","","","","","","","","","","","","","","","","",
"Australia","AUS","Children in employment, total (% of children ages 7-14)","SL.TLF.0714.ZS","","","","","","","","","","","","","","","","","","","","","","","","","","","","","","","","","","","","","","","","","","","","","","","","","","","","","","","","","","","","","",
"Austria","AUT","Children in employment, total (% of children ages 7-14)","SL.TLF.0714.ZS","","","","","","","","","","","","","","","","","","","","","","","","","","","","","","","","","","","","","","","","","","","","","","","","","","","","","","","","","","","","","",
"Azerbaijan","AZE","Children in employment, total (% of children ages 7-14)","SL.TLF.0714.ZS","","","","","","","","","","","","","","","","","","","","","","","","","","","","","","","","","","","","","","","","","9.729839","","","","","5.2","","","","","","","","","","","","","","","",
"Burundi","BDI","Children in employment, total (% of children ages 7-14)","SL.TLF.0714.ZS","","","","","","","","","","","","","","","","","","","","","","","","","","","","","","","","","","","","","","","","","36.96453","","","","","11.7","","","","","31.9","","","","","","","","","","",
"Belgium","BEL","Children in employment, total (% of children ages 7-14)","SL.TLF.0714.ZS","","","","","","","","","","","","","","","","","","","","","","","","","","","","","","","","","","","","","","","","","","","","","","","","","","","","","","","","","","","","","",
"Benin","BEN","Children in employment, total (% of children ages 7-14)","SL.TLF.0714.ZS","","","","","","","","","","","","","","","","","","","","","","","","","","","","","","","","","","","","","","","","","","","","","","","74.4","","","","","","24.1","","","","","","","","",
"Burkina Faso","BFA","Children in employment, total (% of children ages 7-14)","SL.TLF.0714.ZS","","","","","","","","","","","","","","","","","","","","","","","","","","","","","","","","","","","","","","","","","","","","50","","","42.1","","","","50.3","","","","","","","","","","",
"Bangladesh","BGD","Children in employment, total (% of children ages 7-14)","SL.TLF.0714.ZS","","","","","","","","","","","","","","","","","","","","","","","","","","","","","","","","","","","","","","","","","","","","17.5385033159","","","16.2","","","","","","","5.002084","","","","","","","",
"Bulgaria","BGR","Children in employment, total (% of children ages 7-14)","SL.TLF.0714.ZS","","","","","","","","","","","","","","","","","","","","","","","","","","","","","","","","","","","","","","","","","","","","","","","","","","","","","","","","","","","","","",
"Bahrain","BHR","Children in employment, total (% of children ages 7-14)","SL.TLF.0714.ZS","","","","","","","","","","","","","","","","","","","","","","","","","","","","","","","","","","","","","","","","","","","","","","","","","","","","","","","","","","","","","",
"Bahamas, The","BHS","Children in employment, total (% of children ages 7-14)","SL.TLF.0714.ZS","","","","","","","","","","","","","","","","","","","","","","","","","","","","","","","","","","","","","","","","","","","","","","","","","","","","","","","","","","","","","",
"Bosnia and Herzegovina","BIH","Children in employment, total (% of children ages 7-14)","SL.TLF.0714.ZS","","","","","","","","","","","","","","","","","","","","","","","","","","","","","","","","","","","","","","","","","20.2","","","","","","10.6","","","","","","","","","","","","","","",
"Belarus","BLR","Children in employment, total (% of children ages 7-14)","SL.TLF.0714.ZS","","","","","","","","","","","","","","","","","","","","","","","","","","","","","","","","","","","","","","","","","","","","","","11.7","","","","","","","2.3","","","","","","","","",
"Belize","BLZ","Children in employment, total (% of children ages 7-14)","SL.TLF.0714.ZS","","","","","","","","","","","","","","","","","","","","","","","","","","","","","","","","","","","","","","","","","","","","","","","","","","","","","","","","","","","","","",
"Bermuda","BMU","Children in employment, total (% of children ages 7-14)","SL.TLF.0714.ZS","","","","","","","","","","","","","","","","","","","","","","","","","","","","","","","","","","","","","","","","","","","","","","","","","","","","","","","","","","","","","",
"Bolivia","BOL","Children in employment, total (% of children ages 7-14)","SL.TLF.0714.ZS","","","","","","","","","","","","","","","","","","","","","","","","","","","","","","","","","","","","","","","","","","","23.2","","","22","","","32.1","20.2","","","","20.20834","","13.92","","","","","",
"Brazil","BRA","Children in employment, total (% of children ages 7-14)","SL.TLF.0714.ZS","","","","","","","","","","","","","","","","","","","","","","","","","","","","","","","","","","","","","","","","","","","","","7","","","6.1","5.2","5","","4.2","","3.215266","3.53264903343174","2.54","","","","","",
"Barbados","BRB","Children in employment, total (% of children ages 7-14)","SL.TLF.0714.ZS","","","","","","","","","","","","","","","","","","","","","","","","","","","","","","","","","","","","","","","","","","","","","","","","","","","","","","","","","","","","","",
"Brunei Darussalam","BRN","Children in employment, total (% of children ages 7-14)","SL.TLF.0714.ZS","","","","","","","","","","","","","","","","","","","","","","","","","","","","","","","","","","","","","","","","","","","","","","","","","","","","","","","","","","","","","",
"Bhutan","BTN","Children in employment, total (% of children ages 7-14)","SL.TLF.0714.ZS","","","","","","","","","","","","","","","","","","","","","","","","","","","","","","","","","","","","","","","","","","","","","","","","","","","","","","","","","","","","","",
"Botswana","BWA","Children in employment, total (% of children ages 7-14)","SL.TLF.0714.ZS","","","","","","","","","","","","","","","","","","","","","","","","","","","","","","","","","","","","","","","","","","","","","","","","","","","","","","","","","","","","","",
"Central African Republic","CAF","Children in employment, total (% of children ages 7-14)","SL.TLF.0714.ZS","","","","","","","","","","","","","","","","","","","","","","","","","","","","","","","","","","","","","","","","","67","","","","","","","","","","37.2","","","","","","","","","","",
"Canada","CAN","Children in employment, total (% of children ages 7-14)","SL.TLF.0714.ZS","","","","","","","","","","","","","","","","","","","","","","","","","","","","","","","","","","","","","","","","","","","","","","","","","","","","","","","","","","","","","",
"Central Europe and the Baltics","CEB","Children in employment, total (% of children ages 7-14)","SL.TLF.0714.ZS","","","","","","","","","","","","","","","","","","","","","","","","","","","","","","","","","","","","","","","","","","","","","","","","","","","","","","","","","","","","","",
"Switzerland","CHE","Children in employment, total (% of children ages 7-14)","SL.TLF.0714.ZS","","","","","","","","","","","","","","","","","","","","","","","","","","","","","","","","","","","","","","","","","","","","","","","","","","","","","","","","","","","","","",
"Channel Islands","CHI","Children in employment, total (% of children ages 7-14)","SL.TLF.0714.ZS","","","","","","","","","","","","","","","","","","","","","","","","","","","","","","","","","","","","","","","","","","","","","","","","","","","","","","","","","","","","","",
"Chile","CHL","Children in employment, total (% of children ages 7-14)","SL.TLF.0714.ZS","","","","","","","","","","","","","","","","","","","","","","","","","","","","","","","","","","","","","","","","","","","","4.1","","","","","","","","","4.5","","","","","","","","",
"China","CHN","Children in employment, total (% of children ages 7-14)","SL.TLF.0714.ZS","","","","","","","","","","","","","","","","","","","","","","","","","","","","","","","","","","","","","","","","","","","","","","","","","","","","","","","","","","","","","",
"Cote d'Ivoire","CIV","Children in employment, total (% of children ages 7-14)","SL.TLF.0714.ZS","","","","","","","","","","","","","","","","","","","","","","","","","","","","","","","","","","","","","","","","","40.7","","","","","","45.7","","","","","","36.5","","","","","","","","",
"Cameroon","CMR","Children in employment, total (% of children ages 7-14)","SL.TLF.0714.ZS","","","","","","","","","","","","","","","","","","","","","","","","","","","","","","","","","","","","","","","","","","15.9114","","","","","","43.4","","","","62","","","","","","","","","",
"Congo, Dem. Rep.","COD","Children in employment, total (% of children ages 7-14)","SL.TLF.0714.ZS","","","","","","","","","","","","","","","","","","","","","","","","","","","","","","","","","","","","","","","","","39.8","","","","","","","30.5","","","20.5","","","","41.3914285397468","","","","","","",
"Congo, Rep.","COG","Children in employment, total (% of children ages 7-14)","SL.TLF.0714.ZS","","","","","","","","","","","","","","","","","","","","","","","","","","","","","","","","","","","","","","","","","","","","","","30.06","","","","","","","31.5","","","","","","","","",
"Colombia","COL","Children in employment, total (% of children ages 7-14)","SL.TLF.0714.ZS","","","","","","","","","","","","","","","","","","","","","","","","","","","","","","","","","","","","","","","","","","","","","","4","","3.9","","6.44","","","7.2","","6.619165","5.56","","","","","",
"Comoros","COM","Children in employment, total (% of children ages 7-14)","SL.TLF.0714.ZS","","","","","","","","","","","","","","","","","","","","","","","","","","","","","","","","","","","","","","","","","","","","","","","","","","","","","","","","","","","","","",
"Cabo Verde","CPV","Children in employment, total (% of children ages 7-14)","SL.TLF.0714.ZS","","","","","","","","","","","","","","","","","","","","","","","","","","","","","","","","","","","","","","","","","","","","","","","","","","","","","","","","","","","","","",
"Costa Rica","CRI","Children in employment, total (% of children ages 7-14)","SL.TLF.0714.ZS","","","","","","","","","","","","","","","","","","","","","","","","","","","","","","","","","","","","","","","","","","","","","5.7","","","","","","","2.5","","","","","1.31","","","","",
"Caribbean small states","CSS","Children in employment, total (% of children ages 7-14)","SL.TLF.0714.ZS","","","","","","","","","","","","","","","","","","","","","","","","","","","","","","","","","","","","","","","","","","","","","","","","","","","","","","","","","","","","","",
"Cuba","CUB","Children in employment, total (% of children ages 7-14)","SL.TLF.0714.ZS","","","","","","","","","","","","","","","","","","","","","","","","","","","","","","","","","","","","","","","","","","","","","","","","","","","","","","","","","","","","","",
"Curacao","CUW","Children in employment, total (% of children ages 7-14)","SL.TLF.0714.ZS","","","","","","","","","","","","","","","","","","","","","","","","","","","","","","","","","","","","","","","","","","","","","","","","","","","","","","","","","","","","","",
"Cayman Islands","CYM","Children in employment, total (% of children ages 7-14)","SL.TLF.0714.ZS","","","","","","","","","","","","","","","","","","","","","","","","","","","","","","","","","","","","","","","","","","","","","","","","","","","","","","","","","","","","","",
"Cyprus","CYP","Children in employment, total (% of children ages 7-14)","SL.TLF.0714.ZS","","","","","","","","","","","","","","","","","","","","","","","","","","","","","","","","","","","","","","","","","","","","","","","","","","","","","","","","","","","","","",
"Czech Republic","CZE","Children in employment, total (% of children ages 7-14)","SL.TLF.0714.ZS","","","","","","","","","","","","","","","","","","","","","","","","","","","","","","","","","","","","","","","","","","","","","","","","","","","","","","","","","","","","","",
"Germany","DEU","Children in employment, total (% of children ages 7-14)","SL.TLF.0714.ZS","","","","","","","","","","","","","","","","","","","","","","","","","","","","","","","","","","","","","","","","","","","","","","","","","","","","","","","","","","","","","",
"Djibouti","DJI","Children in employment, total (% of children ages 7-14)","SL.TLF.0714.ZS","","","","","","","","","","","","","","","","","","","","","","","","","","","","","","","","","","","","","","","","","","","","","","","","","","","","","","","","","","","","","",
"Dominica","DMA","Children in employment, total (% of children ages 7-14)","SL.TLF.0714.ZS","","","","","","","","","","","","","","","","","","","","","","","","","","","","","","","","","","","","","","","","","","","","","","","","","","","","","","","","","","","","","",
"Denmark","DNK","Children in employment, total (% of children ages 7-14)","SL.TLF.0714.ZS","","","","","","","","","","","","","","","","","","","","","","","","","","","","","","","","","","","","","","","","","","","","","","","","","","","","","","","","","","","","","",
"Dominican Republic","DOM","Children in employment, total (% of children ages 7-14)","SL.TLF.0714.ZS","","","","","","","","","","","","","","","","","","","","","","","","","","","","","","","","","","","","","","","","","","","3.5","","","5.8","","","","14.05843","","","2.684442","","13.1965934572113","","","","","","",
"Algeria","DZA","Children in employment, total (% of children ages 7-14)","SL.TLF.0714.ZS","","","","","","","","","","","","","","","","","","","","","","","","","","","","","","","","","","","","","","","","","","","","","","","","","","","","","","7.50076369799783","","","","","","","",
"East Asia & Pacific (excluding high income)","EAP","Children in employment, total (% of children ages 7-14)","SL.TLF.0714.ZS","","","","","","","","","","","","","","","","","","","","","","","","","","","","","","","","","","","","","","","","","","","","","","","","","","","","","","","","","","","","","",
"Early-demographic dividend","EAR","Children in employment, total (% of children ages 7-14)","SL.TLF.0714.ZS","","","","","","","","","","","","","","","","","","","","","","","","","","","","","","","","","","","","","","","","","","","","","","","","","","","","","","","","","","","","","",
"East Asia & Pacific","EAS","Children in employment, total (% of children ages 7-14)","SL.TLF.0714.ZS","","","","","","","","","","","","","","","","","","","","","","","","","","","","","","","","","","","","","","","","","","","","","","","","","","","","","","","","","","","","","",
"Europe & Central Asia (excluding high income)","ECA","Children in employment, total (% of children ages 7-14)","SL.TLF.0714.ZS","","","","","","","","","","","","","","","","","","","","","","","","","","","","","","","","","","","","","","","","","","","","","","","","","","","","","","","","","","","","","",
"Europe & Central Asia","ECS","Children in employment, total (% of children ages 7-14)","SL.TLF.0714.ZS","","","","","","","","","","","","","","","","","","","","","","","","","","","","","","","","","","","","","","","","","","","","","","","","","","","","","","","","","","","","","",
"Ecuador","ECU","Children in employment, total (% of children ages 7-14)","SL.TLF.0714.ZS","","","","","","","","","","","","","","","","","","","","","","","","","","","","","","","","","","","","","","","","","","","","","12","","14.3","","","6.3","","3.2","","","","5.562005","","","","","",
"Egypt, Arab Rep.","EGY","Children in employment, total (% of children ages 7-14)","SL.TLF.0714.ZS","","","","","","","","","","","","","","","","","","","","","","","","","","","","","","","","","","","","","","","","","","","","","","7.9","","","","2.9","","","","","","","","","","","",
"Euro area","EMU","Children in employment, total (% of children ages 7-14)","SL.TLF.0714.ZS","","","","","","","","","","","","","","","","","","","","","","","","","","","","","","","","","","","","","","","","","","","","","","","","","","","","","","","","","","","","","",
"Eritrea","ERI","Children in employment, total (% of children ages 7-14)","SL.TLF.0714.ZS","","","","","","","","","","","","","","","","","","","","","","","","","","","","","","","","","","","","","","","","","","","","","","","","","","","","","","","","","","","","","",
"Spain","ESP","Children in employment, total (% of children ages 7-14)","SL.TLF.0714.ZS","","","","","","","","","","","","","","","","","","","","","","","","","","","","","","","","","","","","","","","","","","","","","","","","","","","","","","","","","","","","","",
"Estonia","EST","Children in employment, total (% of children ages 7-14)","SL.TLF.0714.ZS","","","","","","","","","","","","","","","","","","","","","","","","","","","","","","","","","","","","","","","","","","","","","","","","","","","","","","","","","","","","","",
"Ethiopia","ETH","Children in employment, total (% of children ages 7-14)","SL.TLF.0714.ZS","","","","","","","","","","","","","","","","","","","","","","","","","","","","","","","","","","","","","","","","","","","","","","56","","","","","","26.1","","","","","","","","","",
"European Union","EUU","Children in employment, total (% of children ages 7-14)","SL.TLF.0714.ZS","","","","","","","","","","","","","","","","","","","","","","","","","","","","","","","","","","","","","","","","","","","","","","","","","","","","","","","","","","","","","",
"Fragile and conflict affected situations","FCS","Children in employment, total (% of children ages 7-14)","SL.TLF.0714.ZS","","","","","","","","","","","","","","","","","","","","","","","","","","","","","","","","","","","","","","","","","","","","","","","","","","","","","","","","","","","","","",
"Finland","FIN","Children in employment, total (% of children ages 7-14)","SL.TLF.0714.ZS","","","","","","","","","","","","","","","","","","","","","","","","","","","","","","","","","","","","","","","","","","","","","","","","","","","","","","","","","","","","","",
"Fiji","FJI","Children in employment, total (% of children ages 7-14)","SL.TLF.0714.ZS","","","","","","","","","","","","","","","","","","","","","","","","","","","","","","","","","","","","","","","","","","","","","","","","","","","","","","","","","","","","","",
"France","FRA","Children in employment, total (% of children ages 7-14)","SL.TLF.0714.ZS","","","","","","","","","","","","","","","","","","","","","","","","","","","","","","","","","","","","","","","","","","","","","","","","","","","","","","","","","","","","","",
"Faroe Islands","FRO","Children in employment, total (% of children ages 7-14)","SL.TLF.0714.ZS","","","","","","","","","","","","","","","","","","","","","","","","","","","","","","","","","","","","","","","","","","","","","","","","","","","","","","","","","","","","","",
"Micronesia, Fed. Sts.","FSM","Children in employment, total (% of children ages 7-14)","SL.TLF.0714.ZS","","","","","","","","","","","","","","","","","","","","","","","","","","","","","","","","","","","","","","","","","","","","","","","","","","","","","","","","","","","","","",
"Gabon","GAB","Children in employment, total (% of children ages 7-14)","SL.TLF.0714.ZS","","","","","","","","","","","","","","","","","","","","","","","","","","","","","","","","","","","","","","","","","","","","","","","","","","","","","24","","","","","","","","",
"United Kingdom","GBR","Children in employment, total (% of children ages 7-14)","SL.TLF.0714.ZS","","","","","","","","","","","","","","","","","","","","","","","","","","","","","","","","","","","","","","","","","","","","","","","","","","","","","","","","","","","","","",
"Georgia","GEO","Children in employment, total (% of children ages 7-14)","SL.TLF.0714.ZS","","","","","","","","","","","","","","","","","","","","","","","","","","","","","","","","","","","","","","","","","","","","","","","31.8","","","","","","","","","","","","","","",
"Ghana","GHA","Children in employment, total (% of children ages 7-14)","SL.TLF.0714.ZS","","","","","","","","","","","","","","","","","","","","","","","","","","","","","","","","","","","","","","","","","","","","6","","","48.9","","","","","","28.76078","","","","","","","","",
"Gibraltar","GIB","Children in employment, total (% of children ages 7-14)","SL.TLF.0714.ZS","","","","","","","","","","","","","","","","","","","","","","","","","","","","","","","","","","","","","","","","","","","","","","","","","","","","","","","","","","","","","",
"Guinea","GIN","Children in employment, total (% of children ages 7-14)","SL.TLF.0714.ZS","","","","","","","","","","","","","","","","","","","","","","","","","","","","","","","","","","","48.3","","","","","","","","","","","","","","","","44.9","","38.1","","","","","","","","",
"Gambia, The","GMB","Children in employment, total (% of children ages 7-14)","SL.TLF.0714.ZS","","","","","","","","","","","","","","","","","","","","","","","","","","","","","","","","","","","","","","","","","25.31456","","","","","43.5","","","35.9","","","","","","","23.75","","","","","",
"Guinea-Bissau","GNB","Children in employment, total (% of children ages 7-14)","SL.TLF.0714.ZS","","","","","","","","","","","","","","","","","","","","","","","","","","","","","","","","","","","","","","","","","67.5","","","","","","50.5","","","","","","","","63.9161787836337","","","","","","",
"Equatorial Guinea","GNQ","Children in employment, total (% of children ages 7-14)","SL.TLF.0714.ZS","","","","","","","","","","","","","","","","","","","","","","","","","","","","","","","","","","","","","","","","","","","","","","","","","","","","","","","","","","","","","",
"Greece","GRC","Children in employment, total (% of children ages 7-14)","SL.TLF.0714.ZS","","","","","","","","","","","","","","","","","","","","","","","","","","","","","","","","","","","","","","","","","","","","","","","","","","","","","","","","","","","","","",
"Grenada","GRD","Children in employment, total (% of children ages 7-14)","SL.TLF.0714.ZS","","","","","","","","","","","","","","","","","","","","","","","","","","","","","","","","","","","","","","","","","","","","","","","","","","","","","","","","","","","","","",
"Greenland","GRL","Children in employment, total (% of children ages 7-14)","SL.TLF.0714.ZS","","","","","","","","","","","","","","","","","","","","","","","","","","","","","","","","","","","","","","","","","","","","","","","","","","","","","","","","","","","","","",
"Guatemala","GTM","Children in employment, total (% of children ages 7-14)","SL.TLF.0714.ZS","","","","","","","","","","","","","","","","","","","","","","","","","","","","","","","","","","","","","","","","","","","","21.1","16.8","","18.2","","","","","","19.2","","10.60697","7.24264041647346","","","","","",
"Guam","GUM","Children in employment, total (% of children ages 7-14)","SL.TLF.0714.ZS","","","","","","","","","","","","","","","","","","","","","","","","","","","","","","","","","","","","","","","","","","","","","","","","","","","","","","","","","","","","","",
"Guyana","GUY","Children in employment, total (% of children ages 7-14)","SL.TLF.0714.ZS","","","","","","","","","","","","","","","","","","","","","","","","","","","","","","","","","","","","","","","","","","","","","","","","","","","","","","","","","","","","","",
"High income","HIC","Children in employment, total (% of children ages 7-14)","SL.TLF.0714.ZS","","","","","","","","","","","","","","","","","","","","","","","","","","","","","","","","","","","","","","","","","","","","","","","","","","","","","","","","","","","","","",
"Hong Kong SAR, China","HKG","Children in employment, total (% of children ages 7-14)","SL.TLF.0714.ZS","","","","","","","","","","","","","","","","","","","","","","","","","","","","","","","","","","","","","","","","","","","","","","","","","","","","","","","","","","","","","",
"Honduras","HND","Children in employment, total (% of children ages 7-14)","SL.TLF.0714.ZS","","","","","","","","","","","","","","","","","","","","","","","","","","","","","","","","","","","","","","","","","","","","","6.8","","","8.7","","","","7.8","","9.2","10.50187","","","","","","",
"Heavily indebted poor countries (HIPC)","HPC","Children in employment, total (% of children ages 7-14)","SL.TLF.0714.ZS","","","","","","","","","","","","","","","","","","","","","","","","","","","","","","","","","","","","","","","","","","","","","","","","","","","","","","","","","","","","","",
"Croatia","HRV","Children in employment, total (% of children ages 7-14)","SL.TLF.0714.ZS","","","","","","","","","","","","","","","","","","","","","","","","","","","","","","","","","","","","","","","","","","","","","","","","","","","","","","","","","","","","","",
"Haiti","HTI","Children in employment, total (% of children ages 7-14)","SL.TLF.0714.ZS","","","","","","","","","","","","","","","","","","","","","","","","","","","","","","","","","","","","","","","","","","","","","","","33.4","","","","","","37.8","","","","","","","","",
"Hungary","HUN","Children in employment, total (% of children ages 7-14)","SL.TLF.0714.ZS","","","","","","","","","","","","","","","","","","","","","","","","","","","","","","","","","","","","","","","","","","","","","","","","","","","","","","","","","","","","","",
"IBRD only","IBD","Children in employment, total (% of children ages 7-14)","SL.TLF.0714.ZS","","","","","","","","","","","","","","","","","","","","","","","","","","","","","","","","","","","","","","","","","","","","","","","","","","","","","","","","","","","","","",
"IDA & IBRD total","IBT","Children in employment, total (% of children ages 7-14)","SL.TLF.0714.ZS","","","","","","","","","","","","","","","","","","","","","","","","","","","","","","","","","","","","","","","","","","","","","","","","","","","","","","","","","","","","","",
"IDA total","IDA","Children in employment, total (% of children ages 7-14)","SL.TLF.0714.ZS","","","","","","","","","","","","","","","","","","","","","","","","","","","","","","","","","","","","","","","","","","","","","","","","","","","","","","","","","","","","","",
"IDA blend","IDB","Children in employment, total (% of children ages 7-14)","SL.TLF.0714.ZS","","","","","","","","","","","","","","","","","","","","","","","","","","","","","","","","","","","","","","","","","","","","","","","","","","","","","","","","","","","","","",
"Indonesia","IDN","Children in employment, total (% of children ages 7-14)","SL.TLF.0714.ZS","","","","","","","","","","","","","","","","","","","","","","","","","","","","","","","","","","","","","","","","","8.934132","","","","","","","","","6.6","3.7","","","","","","","","","","",
"IDA only","IDX","Children in employment, total (% of children ages 7-14)","SL.TLF.0714.ZS","","","","","","","","","","","","","","","","","","","","","","","","","","","","","","","","","","","","","","","","","","","","","","","","","","","","","","","","","","","","","",
"Isle of Man","IMN","Children in employment, total (% of children ages 7-14)","SL.TLF.0714.ZS","","","","","","","","","","","","","","","","","","","","","","","","","","","","","","","","","","","","","","","","","","","","","","","","","","","","","","","","","","","","","",
"India","IND","Children in employment, total (% of children ages 7-14)","SL.TLF.0714.ZS","","","","","","","","","","","","","","","","","","","","","","","","","","","","","","","","","","","","","","","","","5.2","","","","","4.2","15.3","","","","2.5","","1.7","","","","","","","","",
"Not classified","INX","Children in employment, total (% of children ages 7-14)","SL.TLF.0714.ZS","","","","","","","","","","","","","","","","","","","","","","","","","","","","","","","","","","","","","","","","","","","","","","","","","","","","","","","","","","","","","",
"Ireland","IRL","Children in employment, total (% of children ages 7-14)","SL.TLF.0714.ZS","","","","","","","","","","","","","","","","","","","","","","","","","","","","","","","","","","","","","","","","","","","","","","","","","","","","","","","","","","","","","",
"Iran, Islamic Rep.","IRN","Children in employment, total (% of children ages 7-14)","SL.TLF.0714.ZS","","","","","","","","","","","","","","","","","","","","","","","","","","","","","","","","","","","","","","","","","","","","","","","","","","","","","","","","","","","","","",
"Iraq","IRQ","Children in employment, total (% of children ages 7-14)","SL.TLF.0714.ZS","","","","","","","","","","","","","","","","","","","","","","","","","","","","","","","","","","","","","","","","","13.65009","","","","","","14.7","","","","","6.4","","","","","","","","","",
"Iceland","ISL","Children in employment, total (% of children ages 7-14)","SL.TLF.0714.ZS","","","","","","","","","","","","","","","","","","","","","","","","","","","","","","","","","","","","","","","","","","","","","","","","","","","","","","","","","","","","","",
"Israel","ISR","Children in employment, total (% of children ages 7-14)","SL.TLF.0714.ZS","","","","","","","","","","","","","","","","","","","","","","","","","","","","","","","","","","","","","","","","","","","","","","","","","","","","","","","","","","","","","",
"Italy","ITA","Children in employment, total (% of children ages 7-14)","SL.TLF.0714.ZS","","","","","","","","","","","","","","","","","","","","","","","","","","","","","","","","","","","","","","","","","","","","","","","","","","","","","","","","","","","","","",
"Jamaica","JAM","Children in employment, total (% of children ages 7-14)","SL.TLF.0714.ZS","","","","","","","","","","","","","","","","","","","","","","","","","","","","","","","","","","","","","","","","","","","1.1","","","9.8","","","","","","6.2","","","","","","","","","",
"Jordan","JOR","Children in employment, total (% of children ages 7-14)","SL.TLF.0714.ZS","","","","","","","","","","","","","","","","","","","","","","","","","","","","","","","","","","","","","","","","","","","","","","","","1","","","","","","","","","1.23","","","","",
"Japan","JPN","Children in employment, total (% of children ages 7-14)","SL.TLF.0714.ZS","","","","","","","","","","","","","","","","","","","","","","","","","","","","","","","","","","","","","","","","","","","","","","","","","","","","","","","","","","","","","",
"Kazakhstan","KAZ","Children in employment, total (% of children ages 7-14)","SL.TLF.0714.ZS","","","","","","","","","","","","","","","","","","","","","","","","","","","","","","","","","","","","","29.7","","","","","","","","","","3.6","","","","","","","","","","","","","","",
"Kenya","KEN","Children in employment, total (% of children ages 7-14)","SL.TLF.0714.ZS","","","","","","","","","","","","","","","","","","","","","","","","","","","","","","","","","","","","","","","","6.7","37.7","","","","","","","","","34.4388861650453","","","","","","","","","","","",
"Kyrgyz Republic","KGZ","Children in employment, total (% of children ages 7-14)","SL.TLF.0714.ZS","","","","","","","","","","","","","","","","","","","","","","","","","","","","","","","","","","","","","","","8.6","","","","","","","","5.2","36.6","","","","","","","41.0805541132616","","","","","","",
"Cambodia","KHM","Children in employment, total (% of children ages 7-14)","SL.TLF.0714.ZS","","","","","","","","","","","","","","","","","","","","","","","","","","","","","","","","","","","","","","","","","","52.3","","","48.9","","","","","34.5","","","11.5","","","","","","","","",
"Kiribati","KIR","Children in employment, total (% of children ages 7-14)","SL.TLF.0714.ZS","","","","","","","","","","","","","","","","","","","","","","","","","","","","","","","","","","","","","","","","","","","","","","","","","","","","","","","","","","","","","",
"St. Kitts and Nevis","KNA","Children in employment, total (% of children ages 7-14)","SL.TLF.0714.ZS","","","","","","","","","","","","","","","","","","","","","","","","","","","","","","","","","","","","","","","","","","","","","","","","","","","","","","","","","","","","","",
"Korea, Rep.","KOR","Children in employment, total (% of children ages 7-14)","SL.TLF.0714.ZS","","","","","","","","","","","","","","","","","","","","","","","","","","","","","","","","","","","","","","","","","","","","","","","","","","","","","","","","","","","","","",
"Kuwait","KWT","Children in employment, total (% of children ages 7-14)","SL.TLF.0714.ZS","","","","","","","","","","","","","","","","","","","","","","","","","","","","","","","","","","","","","","","","","","","","","","","","","","","","","","","","","","","","","",
"Latin America & Caribbean (excluding high income)","LAC","Children in employment, total (% of children ages 7-14)","SL.TLF.0714.ZS","","","","","","","","","","","","","","","","","","","","","","","","","","","","","","","","","","","","","","","","","","","","","","","","","","","","","","","","","","","","","",
"Lao PDR","LAO","Children in employment, total (% of children ages 7-14)","SL.TLF.0714.ZS","","","","","","","","","","","","","","","","","","","","","","","","","","","","","","","","","","","","","","","","","","","","","","","18.6","","","","8.6","","","","","","","","","","",
"Lebanon","LBN","Children in employment, total (% of children ages 7-14)","SL.TLF.0714.ZS","","","","","","","","","","","","","","","","","","","","","","","","","","","","","","","","","","","","","","","","","","","","","","","","","","","","","","","","","","","","","",
"Liberia","LBR","Children in employment, total (% of children ages 7-14)","SL.TLF.0714.ZS","","","","","","","","","","","","","","","","","","","","","","","","","","","","","","","","","","","","","","","","","","","","","","","","37.4","","","18.4","","","","","","","","","","",
"Libya","LBY","Children in employment, total (% of children ages 7-14)","SL.TLF.0714.ZS","","","","","","","","","","","","","","","","","","","","","","","","","","","","","","","","","","","","","","","","","","","","","","","","","","","","","","","","","","","","","",
"St. Lucia","LCA","Children in employment, total (% of children ages 7-14)","SL.TLF.0714.ZS","","","","","","","","","","","","","","","","","","","","","","","","","","","","","","","","","","","","","","","","","","","","","","","","","","","","","","","","","","","","","",
"Latin America & Caribbean","LCN","Children in employment, total (% of children ages 7-14)","SL.TLF.0714.ZS","","","","","","","","","","","","","","","","","","","","","","","","","","","","","","","","","","","","","","","","","","","","","","","","","","","","","","","","","","","","","",
"Least developed countries: UN classification","LDC","Children in employment, total (% of children ages 7-14)","SL.TLF.0714.ZS","","","","","","","","","","","","","","","","","","","","","","","","","","","","","","","","","","","","","","","","","","","","","","","","","","","","","","","","","","","","","",
"Low income","LIC","Children in employment, total (% of children ages 7-14)","SL.TLF.0714.ZS","","","","","","","","","","","","","","","","","","","","","","","","","","","","","","","","","","","","","","","","","","","","","","","","","","","","","","","","","","","","","",
"Liechtenstein","LIE","Children in employment, total (% of children ages 7-14)","SL.TLF.0714.ZS","","","","","","","","","","","","","","","","","","","","","","","","","","","","","","","","","","","","","","","","","","","","","","","","","","","","","","","","","","","","","",
"Sri Lanka","LKA","Children in employment, total (% of children ages 7-14)","SL.TLF.0714.ZS","","","","","","","","","","","","","","","","","","","","","","","","","","","","","","","","","","","","","","","","17","","","","","","","","","","10.7","","","","","","","","","","","",
"Lower middle income","LMC","Children in employment, total (% of children ages 7-14)","SL.TLF.0714.ZS","","","","","","","","","","","","","","","","","","","","","","","","","","","","","","","","","","","","","","","","","","","","","","","","","","","","","","","","","","","","","",
"Low & middle income","LMY","Children in employment, total (% of children ages 7-14)","SL.TLF.0714.ZS","","","","","","","","","","","","","","","","","","","","","","","","","","","","","","","","","","","","","","","","","","","","","","","","","","","","","","","","","","","","","",
"Lesotho","LSO","Children in employment, total (% of children ages 7-14)","SL.TLF.0714.ZS","","","","","","","","","","","","","","","","","","","","","","","","","","","","","","","","","","","","","","","","","30.8481","","2.6","","","","","","","","","","","","","","","","","","",
"Late-demographic dividend","LTE","Children in employment, total (% of children ages 7-14)","SL.TLF.0714.ZS","","","","","","","","","","","","","","","","","","","","","","","","","","","","","","","","","","","","","","","","","","","","","","","","","","","","","","","","","","","","","",
"Lithuania","LTU","Children in employment, total (% of children ages 7-14)","SL.TLF.0714.ZS","","","","","","","","","","","","","","","","","","","","","","","","","","","","","","","","","","","","","","","","","","","","","","","","","","","","","","","","","","","","","",
"Luxembourg","LUX","Children in employment, total (% of children ages 7-14)","SL.TLF.0714.ZS","","","","","","","","","","","","","","","","","","","","","","","","","","","","","","","","","","","","","","","","","","","","","","","","","","","","","","","","","","","","","",
"Latvia","LVA","Children in employment, total (% of children ages 7-14)","SL.TLF.0714.ZS","","","","","","","","","","","","","","","","","","","","","","","","","","","","","","","","","","","","","","","","","","","","","","","","","","","","","","","","","","","","","",
"Macao SAR, China","MAC","Children in employment, total (% of children ages 7-14)","SL.TLF.0714.ZS","","","","","","","","","","","","","","","","","","","","","","","","","","","","","","","","","","","","","","","","","","","","","","","","","","","","","","","","","","","","","",
"St. Martin (French part)","MAF","Children in employment, total (% of children ages 7-14)","SL.TLF.0714.ZS","","","","","","","","","","","","","","","","","","","","","","","","","","","","","","","","","","","","","","","","","","","","","","","","","","","","","","","","","","","","","",
"Morocco","MAR","Children in employment, total (% of children ages 7-14)","SL.TLF.0714.ZS","","","","","","","","","","","","","","","","","","","","","","","","","","","","","","","","","","","","","","","","13.2","","","","","4.5","","","","","","","","","","","","","","","","",
"Monaco","MCO","Children in employment, total (% of children ages 7-14)","SL.TLF.0714.ZS","","","","","","","","","","","","","","","","","","","","","","","","","","","","","","","","","","","","","","","","","","","","","","","","","","","","","","","","","","","","","",
"Moldova","MDA","Children in employment, total (% of children ages 7-14)","SL.TLF.0714.ZS","","","","","","","","","","","","","","","","","","","","","","","","","","","","","","","","","","","","","","","","","33.5","","","","","","","","","29","","","","","","","","","","","",
"Madagascar","MDG","Children in employment, total (% of children ages 7-14)","SL.TLF.0714.ZS","","","","","","","","","","","","","","","","","","","","","","","","","","","","","","","","","","","","","","","","","","25.63487","","","","","","26","","","","","","","","","","","","","",
"Maldives","MDV","Children in employment, total (% of children ages 7-14)","SL.TLF.0714.ZS","","","","","","","","","","","","","","","","","","","","","","","","","","","","","","","","","","","","","","","","","","","","","","","","","","","","","","","","","","","","","",
"Middle East & North Africa","MEA","Children in employment, total (% of children ages 7-14)","SL.TLF.0714.ZS","","","","","","","","","","","","","","","","","","","","","","","","","","","","","","","","","","","","","","","","","","","","","","","","","","","","","","","","","","","","","",
"Mexico","MEX","Children in employment, total (% of children ages 7-14)","SL.TLF.0714.ZS","","","","","","","","","","","","","","","","","","","","","","","","","","","","","","","","","","","","","","","","","","","","","8.9","","","8.3","","12.2","8","6.8","","5.606943","","","","","","","",
"Marshall Islands","MHL","Children in employment, total (% of children ages 7-14)","SL.TLF.0714.ZS","","","","","","","","","","","","","","","","","","","","","","","","","","","","","","","","","","","","","","","","","","","","","","","","","","","","","","","","","","","","","",
"Middle income","MIC","Children in employment, total (% of children ages 7-14)","SL.TLF.0714.ZS","","","","","","","","","","","","","","","","","","","","","","","","","","","","","","","","","","","","","","","","","","","","","","","","","","","","","","","","","","","","","",
"North Macedonia","MKD","Children in employment, total (% of children ages 7-14)","SL.TLF.0714.ZS","","","","","","","","","","","","","","","","","","","","","","","","","","","","","","","","","","","","","","","","","","","","","","","11.8","","","","","19.8","","","","","","","","","",
"Mali","MLI","Children in employment, total (% of children ages 7-14)","SL.TLF.0714.ZS","","","","","","","","","","","","","","","","","","","","","","","","","","","","","","","","","","","","","","","","","","","","","","52.3","49.5","23","","","","","","29.7","","","","","","","",
"Malta","MLT","Children in employment, total (% of children ages 7-14)","SL.TLF.0714.ZS","","","","","","","","","","","","","","","","","","","","","","","","","","","","","","","","","","","","","","","","","","","","","","","","","","","","","","","","","","","","","",
"Myanmar","MMR","Children in employment, total (% of children ages 7-14)","SL.TLF.0714.ZS","","","","","","","","","","","","","","","","","","","","","","","","","","","","","","","","","","","","","","","","","","","","","","","","","","","","","","","","","","","","","",
"Middle East & North Africa (excluding high income)","MNA","Children in employment, total (% of children ages 7-14)","SL.TLF.0714.ZS","","","","","","","","","","","","","","","","","","","","","","","","","","","","","","","","","","","","","","","","","","","","","","","","","","","","","","","","","","","","","",
"Montenegro","MNE","Children in employment, total (% of children ages 7-14)","SL.TLF.0714.ZS","","","","","","","","","","","","","","","","","","","","","","","","","","","","","","","","","","","","","","","","","","","","","","","","","","","","","","","","","","","","","",
"Mongolia","MNG","Children in employment, total (% of children ages 7-14)","SL.TLF.0714.ZS","","","","","","","","","","","","","","","","","","","","","","","","","","","","","","","","","","","","","","","","","22.02146","","","","","12.4","","10.1","","","","","16","14.699067382827","","","","","","","",
"Northern Mariana Islands","MNP","Children in employment, total (% of children ages 7-14)","SL.TLF.0714.ZS","","","","","","","","","","","","","","","","","","","","","","","","","","","","","","","","","","","","","","","","","","","","","","","","","","","","","","","","","","","","","",
"Mozambique","MOZ","Children in employment, total (% of children ages 7-14)","SL.TLF.0714.ZS","","","","","","","","","","","","","","","","","","","","","","","","","","","","","","","","","","","","","1.8","","","","","","","","","","","","27.4","","","","","","","","","","","","",
"Mauritania","MRT","Children in employment, total (% of children ages 7-14)","SL.TLF.0714.ZS","","","","","","","","","","","","","","","","","","","","","","","","","","","","","","","","","","","","","","","","","","","","","","","","21.3","","","","14.52555","","","","","","","","","",
"Mauritius","MUS","Children in employment, total (% of children ages 7-14)","SL.TLF.0714.ZS","","","","","","","","","","","","","","","","","","","","","","","","","","","","","","","","","","","","","","","","","","","","","","","","","","","","","","","","","","","","","",
"Malawi","MWI","Children in employment, total (% of children ages 7-14)","SL.TLF.0714.ZS","","","","","","","","","","","","","","","","","","","","","","","","","","","","","","","","","","","","","","","","","","","","","42.6","","40.3","","","","","25.1","","","47.57831","48.9","","","","","",
"Malaysia","MYS","Children in employment, total (% of children ages 7-14)","SL.TLF.0714.ZS","","","","","","","","","","","","","","","","","","","","","","","","","","","","","","","","","","","","","","","","","","","","","","","","","","","","","","","","","","","","","",
"North America","NAC","Children in employment, total (% of children ages 7-14)","SL.TLF.0714.ZS","","","","","","","","","","","","","","","","","","","","","","","","","","","","","","","","","","","","","","","","","","","","","","","","","","","","","","","","","","","","","",
"Namibia","NAM","Children in employment, total (% of children ages 7-14)","SL.TLF.0714.ZS","","","","","","","","","","","","","","","","","","","","","","","","","","","","","","","","","","","","","","","","15.4382866349112","","","","","","","","","","","","","","","","","","","","","",
"New Caledonia","NCL","Children in employment, total (% of children ages 7-14)","SL.TLF.0714.ZS","","","","","","","","","","","","","","","","","","","","","","","","","","","","","","","","","","","","","","","","","","","","","","","","","","","","","","","","","","","","","",
"Niger","NER","Children in employment, total (% of children ages 7-14)","SL.TLF.0714.ZS","","","","","","","","","","","","","","","","","","","","","","","","","","","","","","","","","","","","","","","","","","","","","","","","47.1","","55.1","","","48.5","","","","","","","","",
"Nigeria","NGA","Children in employment, total (% of children ages 7-14)","SL.TLF.0714.ZS","","","","","","","","","","","","","","","","","","","","","","","","","","","","","","","","","","","","","","","","","","","","","","","","40.7","","","21.2","35.06192","","","","","","","","","",
"Nicaragua","NIC","Children in employment, total (% of children ages 7-14)","SL.TLF.0714.ZS","","","","","","","","","","","","","","","","","","","","","","","","","","","","","","","","","","","","","","","","","","12.1306786605","","","","10.1","","","","","31.1","","47.74977","","","","","","","","",
"Netherlands","NLD","Children in employment, total (% of children ages 7-14)","SL.TLF.0714.ZS","","","","","","","","","","","","","","","","","","","","","","","","","","","","","","","","","","","","","","","","","","","","","","","","","","","","","","","","","","","","","",
"Norway","NOR","Children in employment, total (% of children ages 7-14)","SL.TLF.0714.ZS","","","","","","","","","","","","","","","","","","","","","","","","","","","","","","","","","","","","","","","","","","","","","","","","","","","","","","","","","","","","","",
"Nepal","NPL","Children in employment, total (% of children ages 7-14)","SL.TLF.0714.ZS","","","","","","","","","","","","","","","","","","","","","","","","","","","","","","","","","","","","","","","","47.2","","","","","","","","","40.6","","","","","","42.8274929134937","","","","","","",
"Nauru","NRU","Children in employment, total (% of children ages 7-14)","SL.TLF.0714.ZS","","","","","","","","","","","","","","","","","","","","","","","","","","","","","","","","","","","","","","","","","","","","","","","","","","","","","","","","","","","","","",
"New Zealand","NZL","Children in employment, total (% of children ages 7-14)","SL.TLF.0714.ZS","","","","","","","","","","","","","","","","","","","","","","","","","","","","","","","","","","","","","","","","","","","","","","","","","","","","","","","","","","","","","",
"OECD members","OED","Children in employment, total (% of children ages 7-14)","SL.TLF.0714.ZS","","","","","","","","","","","","","","","","","","","","","","","","","","","","","","","","","","","","","","","","","","","","","","","","","","","","","","","","","","","","","",
"Oman","OMN","Children in employment, total (% of children ages 7-14)","SL.TLF.0714.ZS","","","","","","","","","","","","","","","","","","","","","","","","","","","","","","","","","","","","","","","","","","","","","","","","","","","","","","","","","","","","","",
"Other small states","OSS","Children in employment, total (% of children ages 7-14)","SL.TLF.0714.ZS","","","","","","","","","","","","","","","","","","","","","","","","","","","","","","","","","","","","","","","","","","","","","","","","","","","","","","","","","","","","","",
"Pakistan","PAK","Children in employment, total (% of children ages 7-14)","SL.TLF.0714.ZS","","","","","","","","","","","","","","","","","","","","","","","","","","","","","","","","","","","","","","","","","","","","","","","","","15.9","","","13","","","","","","","","","",
"Panama","PAN","Children in employment, total (% of children ages 7-14)","SL.TLF.0714.ZS","","","","","","","","","","","","","","","","","","","","","","","","","","","","","","","","","","","","","","","","","","","","5.1","","","","","8.9","","5.4","","4.5","","5.620417","","","","","","",
"Peru","PER","Children in employment, total (% of children ages 7-14)","SL.TLF.0714.ZS","","","","","","","","","","","","","","","","","","","","","","","","","","","","","","","","","","","","","","","","","24.1","","","","","","","42.2","","","","20.7","","","26.10942","22.5665722356755","","","","","",
"Philippines","PHL","Children in employment, total (% of children ages 7-14)","SL.TLF.0714.ZS","","","","","","","","","","","","","","","","","","","","","","","","","","","","","","","","","","","","","","","","","","13.25641","","","","","","","","","","9","","","","","","","","","",
"Palau","PLW","Children in employment, total (% of children ages 7-14)","SL.TLF.0714.ZS","","","","","","","","","","","","","","","","","","","","","","","","","","","","","","","","","","","","","","","","","","","","","","","","","","","","","","","","","","","","","",
"Papua New Guinea","PNG","Children in employment, total (% of children ages 7-14)","SL.TLF.0714.ZS","","","","","","","","","","","","","","","","","","","","","","","","","","","","","","","","","","","","","","","","","","","","","","","","","","","","","","","","","","","","","",
"Poland","POL","Children in employment, total (% of children ages 7-14)","SL.TLF.0714.ZS","","","","","","","","","","","","","","","","","","","","","","","","","","","","","","","","","","","","","","","","","","","","","","","","","","","","","","","","","","","","","",
"Pre-demographic dividend","PRE","Children in employment, total (% of children ages 7-14)","SL.TLF.0714.ZS","","","","","","","","","","","","","","","","","","","","","","","","","","","","","","","","","","","","","","","","","","","","","","","","","","","","","","","","","","","","","",
"Puerto Rico","PRI","Children in employment, total (% of children ages 7-14)","SL.TLF.0714.ZS","","","","","","","","","","","","","","","","","","","","","","","","","","","","","","","","","","","","","","","","","","","","","","","","","","","","","","","","","","","","","",
"Korea, Dem. People’s Rep.","PRK","Children in employment, total (% of children ages 7-14)","SL.TLF.0714.ZS","","","","","","","","","","","","","","","","","","","","","","","","","","","","","","","","","","","","","","","","","","","","","","","","","","","","","","","","","","","","","",
"Portugal","PRT","Children in employment, total (% of children ages 7-14)","SL.TLF.0714.ZS","","","","","","","","","","","","","","","","","","","","","","","","","","","","","","","","","","","","","","","","","","3.63655415626555","","","","","","","","","","","","","","","","","","","",
"Paraguay","PRY","Children in employment, total (% of children ages 7-14)","SL.TLF.0714.ZS","","","","","","","","","","","","","","","","","","","","","","","","","","","","","","","","","","","","","","","","","","","","","","15.3","","","","","","","","","10.42105","","","","","","",
"West Bank and Gaza","PSE","Children in employment, total (% of children ages 7-14)","SL.TLF.0714.ZS","","","","","","","","","","","","","","","","","","","","","","","","","","","","","","","","","","","","","","","","","","","","","","","","","","","","","","","","","","","","","",
"Pacific island small states","PSS","Children in employment, total (% of children ages 7-14)","SL.TLF.0714.ZS","","","","","","","","","","","","","","","","","","","","","","","","","","","","","","","","","","","","","","","","","","","","","","","","","","","","","","","","","","","","","",
"Post-demographic dividend","PST","Children in employment, total (% of children ages 7-14)","SL.TLF.0714.ZS","","","","","","","","","","","","","","","","","","","","","","","","","","","","","","","","","","","","","","","","","","","","","","","","","","","","","","","","","","","","","",
"French Polynesia","PYF","Children in employment, total (% of children ages 7-14)","SL.TLF.0714.ZS","","","","","","","","","","","","","","","","","","","","","","","","","","","","","","","","","","","","","","","","","","","","","","","","","","","","","","","","","","","","","",
"Qatar","QAT","Children in employment, total (% of children ages 7-14)","SL.TLF.0714.ZS","","","","","","","","","","","","","","","","","","","","","","","","","","","","","","","","","","","","","","","","","","","","","","","","","","","","","","","","","","","","","",
"Romania","ROU","Children in employment, total (% of children ages 7-14)","SL.TLF.0714.ZS","","","","","","","","","","","","","","","","","","","","","","","","","","","","","","","","","","","","","","","","","1.4","","","","","","","","","","","","","","","","","","","","",
"Russian Federation","RUS","Children in employment, total (% of children ages 7-14)","SL.TLF.0714.ZS","","","","","","","","","","","","","","","","","","","","","","","","","","","","","","","","","","","","","","","","","","","","","","","","","","","","","","","","","","","","","",
"Rwanda","RWA","Children in employment, total (% of children ages 7-14)","SL.TLF.0714.ZS","","","","","","","","","","","","","","","","","","","","","","","","","","","","","","","","","","","","","","","","","33.1","","","","","","","","7.5","","19.1","5.000835","","","5.9","","","","","","",
"South Asia","SAS","Children in employment, total (% of children ages 7-14)","SL.TLF.0714.ZS","","","","","","","","","","","","","","","","","","","","","","","","","","","","","","","","","","","","","","","","","","","","","","","","","","","","","","","","","","","","","",
"Saudi Arabia","SAU","Children in employment, total (% of children ages 7-14)","SL.TLF.0714.ZS","","","","","","","","","","","","","","","","","","","","","","","","","","","","","","","","","","","","","","","","","","","","","","","","","","","","","","","","","","","","","",
"Sudan","SDN","Children in employment, total (% of children ages 7-14)","SL.TLF.0714.ZS","","","","","","","","","","","","","","","","","","","","","","","","","","","","","","","","","","","","","","","","","19.13425","","","","","","","","12.5","","","","","","30.5550319917431","","","","","","",
"Senegal","SEN","Children in employment, total (% of children ages 7-14)","SL.TLF.0714.ZS","","","","","","","","","","","","","","","","","","","","","","","","","","","","","","","","","","","","","","","","","","","","","","18.5","","","","","","13.1","","","","25.1388709166593","","","","","",
"Singapore","SGP","Children in employment, total (% of children ages 7-14)","SL.TLF.0714.ZS","","","","","","","","","","","","","","","","","","","","","","","","","","","","","","","","","","","","","","","","","","","","","","","","","","","","","","","","","","","","","",
"Solomon Islands","SLB","Children in employment, total (% of children ages 7-14)","SL.TLF.0714.ZS","","","","","","","","","","","","","","","","","","","","","","","","","","","","","","","","","","","","","","","","","","","","","","","","","","","","","","","","","","","","","",
"Sierra Leone","SLE","Children in employment, total (% of children ages 7-14)","SL.TLF.0714.ZS","","","","","","","","","","","","","","","","","","","","","","","","","","","","","","","","","","","","","","","","","65","","","","","62.7","","14.9","53.7","","39.9","","","59.2","","","","","","","",
"El Salvador","SLV","Children in employment, total (% of children ages 7-14)","SL.TLF.0714.ZS","","","","","","","","","","","","","","","","","","","","","","","","","","","","","","","","","","","","","","","","","","","","12.6609317489","","","","7.1","","7.4","","7.442466","7","7.800059","","","","","","","",
"San Marino","SMR","Children in employment, total (% of children ages 7-14)","SL.TLF.0714.ZS","","","","","","","","","","","","","","","","","","","","","","","","","","","","","","","","","","","","","","","","","","","","","","","","","","","","","","","","","","","","","",
"Somalia","SOM","Children in employment, total (% of children ages 7-14)","SL.TLF.0714.ZS","","","","","","","","","","","","","","","","","","","","","","","","","","","","","","","","","","","","","","","","","","","","","","","43.5","","","","","","","","","","","","","","",
"Serbia","SRB","Children in employment, total (% of children ages 7-14)","SL.TLF.0714.ZS","","","","","","","","","","","","","","","","","","","","","","","","","","","","","","","","","","","","","","","","","","","","","","6.9","","","","","","","","","17.9379","","","","","","",
"Sub-Saharan Africa (excluding high income)","SSA","Children in employment, total (% of children ages 7-14)","SL.TLF.0714.ZS","","","","","","","","","","","","","","","","","","","","","","","","","","","","","","","","","","","","","","","","","","","","","","","","","","","","","","","","","","","","","",
"South Sudan","SSD","Children in employment, total (% of children ages 7-14)","SL.TLF.0714.ZS","","","","","","","","","","","","","","","","","","","","","","","","","","","","","","","","","","","","","","","","","","","","","","","","","45.6","","","","","","","","","","","","",
"Sub-Saharan Africa","SSF","Children in employment, total (% of children ages 7-14)","SL.TLF.0714.ZS","","","","","","","","","","","","","","","","","","","","","","","","","","","","","","","","","","","","","","","","","","","","","","","","","","","","","","","","","","","","","",
"Small states","SST","Children in employment, total (% of children ages 7-14)","SL.TLF.0714.ZS","","","","","","","","","","","","","","","","","","","","","","","","","","","","","","","","","","","","","","","","","","","","","","","","","","","","","","","","","","","","","",
"Sao Tome and Principe","STP","Children in employment, total (% of children ages 7-14)","SL.TLF.0714.ZS","","","","","","","","","","","","","","","","","","","","","","","","","","","","","","","","","","","","","","","","","","","","","","","","","","","","","","","","","","","","","",
"Suriname","SUR","Children in employment, total (% of children ages 7-14)","SL.TLF.0714.ZS","","","","","","","","","","","","","","","","","","","","","","","","","","","","","","","","","","","","","","","","","","","","","","","","","","","","","","","","","","","","","",
"Slovak Republic","SVK","Children in employment, total (% of children ages 7-14)","SL.TLF.0714.ZS","","","","","","","","","","","","","","","","","","","","","","","","","","","","","","","","","","","","","","","","","","","","","","","","","","","","","","","","","","","","","",
"Slovenia","SVN","Children in employment, total (% of children ages 7-14)","SL.TLF.0714.ZS","","","","","","","","","","","","","","","","","","","","","","","","","","","","","","","","","","","","","","","","","","","","","","","","","","","","","","","","","","","","","",
"Sweden","SWE","Children in employment, total (% of children ages 7-14)","SL.TLF.0714.ZS","","","","","","","","","","","","","","","","","","","","","","","","","","","","","","","","","","","","","","","","","","","","","","","","","","","","","","","","","","","","","",
"Eswatini","SWZ","Children in employment, total (% of children ages 7-14)","SL.TLF.0714.ZS","","","","","","","","","","","","","","","","","","","","","","","","","","","","","","","","","","","","","","","","","11.2","","","","","","","","","","13.3","","","","","","","","","","",
"Sint Maarten (Dutch part)","SXM","Children in employment, total (% of children ages 7-14)","SL.TLF.0714.ZS","","","","","","","","","","","","","","","","","","","","","","","","","","","","","","","","","","","","","","","","","","","","","","","","","","","","","","","","","","","","","",
"Seychelles","SYC","Children in employment, total (% of children ages 7-14)","SL.TLF.0714.ZS","","","","","","","","","","","","","","","","","","","","","","","","","","","","","","","","","","","","","","","","","","","","","","","","","","","","","","","","","","","","","",
"Syrian Arab Republic","SYR","Children in employment, total (% of children ages 7-14)","SL.TLF.0714.ZS","","","","","","","","","","","","","","","","","","","","","","","","","","","","","","","","","","","","","","","","","","","","","","","6.6","","","","","","","","","","","","","","",
"Turks and Caicos Islands","TCA","Children in employment, total (% of children ages 7-14)","SL.TLF.0714.ZS","","","","","","","","","","","","","","","","","","","","","","","","","","","","","","","","","","","","","","","","","","","","","","","","","","","","","","","","","","","","","",
"Chad","TCD","Children in employment, total (% of children ages 7-14)","SL.TLF.0714.ZS","","","","","","","","","","","","","","","","","","","","","","","","","","","","","","","","","","","","","","","","","","","","","60.4","","","","","","33.1","","","","","55.8956202521172","","","","","",
"East Asia & Pacific (IDA & IBRD countries)","TEA","Children in employment, total (% of children ages 7-14)","SL.TLF.0714.ZS","","","","","","","","","","","","","","","","","","","","","","","","","","","","","","","","","","","","","","","","","","","","","","","","","","","","","","","","","","","","","",
"Europe & Central Asia (IDA & IBRD countries)","TEC","Children in employment, total (% of children ages 7-14)","SL.TLF.0714.ZS","","","","","","","","","","","","","","","","","","","","","","","","","","","","","","","","","","","","","","","","","","","","","","","","","","","","","","","","","","","","","",
"Togo","TGO","Children in employment, total (% of children ages 7-14)","SL.TLF.0714.ZS","","","","","","","","","","","","","","","","","","","","","","","","","","","","","","","","","","","","","","","","","","","","","","","38.68966","","","","48.8","","","","35.2259002149569","","","","","","",
"Thailand","THA","Children in employment, total (% of children ages 7-14)","SL.TLF.0714.ZS","","","","","","","","","","","","","","","","","","","","","","","","","","","","","","","","","","","","","","","","","","","","","","15.1","15.1","","","","","","","","","","","","","","",
"Tajikistan","TJK","Children in employment, total (% of children ages 7-14)","SL.TLF.0714.ZS","","","","","","","","","","","","","","","","","","","","","","","","","","","","","","","","","","","","","","","","7.3","","","","","","8.9","","","","","","","","","","","","","","","",
"Turkmenistan","TKM","Children in employment, total (% of children ages 7-14)","SL.TLF.0714.ZS","","","","","","","","","","","","","","","","","","","","","","","","","","","","","","","","","","","","","","","","","","","","","","","","","","","","","","","","","","","","","",
"Latin America & the Caribbean (IDA & IBRD countries)","TLA","Children in employment, total (% of children ages 7-14)","SL.TLF.0714.ZS","","","","","","","","","","","","","","","","","","","","","","","","","","","","","","","","","","","","","","","","","","","","","","","","","","","","","","","","","","","","","",
"Timor-Leste","TLS","Children in employment, total (% of children ages 7-14)","SL.TLF.0714.ZS","","","","","","","","","","","","","","","","","","","","","","","","","","","","","","","","","","","","","","","","","","7.6","","","","","","19.9","","","","","","","","","","","","","",
"Middle East & North Africa (IDA & IBRD countries)","TMN","Children in employment, total (% of children ages 7-14)","SL.TLF.0714.ZS","","","","","","","","","","","","","","","","","","","","","","","","","","","","","","","","","","","","","","","","","","","","","","","","","","","","","","","","","","","","","",
"Tonga","TON","Children in employment, total (% of children ages 7-14)","SL.TLF.0714.ZS","","","","","","","","","","","","","","","","","","","","","","","","","","","","","","","","","","","","","","","","","","","","","","","","","","","","","","","","","","","","","",
"South Asia (IDA & IBRD)","TSA","Children in employment, total (% of children ages 7-14)","SL.TLF.0714.ZS","","","","","","","","","","","","","","","","","","","","","","","","","","","","","","","","","","","","","","","","","","","","","","","","","","","","","","","","","","","","","",
"Sub-Saharan Africa (IDA & IBRD countries)","TSS","Children in employment, total (% of children ages 7-14)","SL.TLF.0714.ZS","","","","","","","","","","","","","","","","","","","","","","","","","","","","","","","","","","","","","","","","","","","","","","","","","","","","","","","","","","","","","",
"Trinidad and Tobago","TTO","Children in employment, total (% of children ages 7-14)","SL.TLF.0714.ZS","","","","","","","","","","","","","","","","","","","","","","","","","","","","","","","","","","","","","","","","","3.9","","","","","","3.4","","","","","","","","","","","","","","",
"Tunisia","TUN","Children in employment, total (% of children ages 7-14)","SL.TLF.0714.ZS","","","","","","","","","","","","","","","","","","","","","","","","","","","","","","","","","","","","","","","","","","","","","","","","","","","","","3.4","","","","","","","","",
"Turkey","TUR","Children in employment, total (% of children ages 7-14)","SL.TLF.0714.ZS","","","","","","","","","","","","","","","","","","","","","","","","","","","","","","","","","","","","","","","","4.5413489551","","","","","","","2.6","","","","","","","","","","","","","","",
"Tuvalu","TUV","Children in employment, total (% of children ages 7-14)","SL.TLF.0714.ZS","","","","","","","","","","","","","","","","","","","","","","","","","","","","","","","","","","","","","","","","","","","","","","","","","","","","","","","","","","","","","",
"Tanzania","TZA","Children in employment, total (% of children ages 7-14)","SL.TLF.0714.ZS","","","","","","","","","","","","","","","","","","","","","","","","","","","","","","","","","","","","","","","","","","40.3521593213","","","","","31.1","","","","","29.4","","","34.73484","","","","","","",
"Uganda","UGA","Children in employment, total (% of children ages 7-14)","SL.TLF.0714.ZS","","","","","","","","","","","","","","","","","","","","","","","","","","","","","","","","","","","","","","","","","","","","","","","38.17033","","","","","","36.7","","","","","","","","",
"Ukraine","UKR","Children in employment, total (% of children ages 7-14)","SL.TLF.0714.ZS","","","","","","","","","","","","","","","","","","","","","","","","","","","","","","","","","","","","","","","","","","","","","","17.3","","","","","","","5","","","","","","","","",
"Upper middle income","UMC","Children in employment, total (% of children ages 7-14)","SL.TLF.0714.ZS","","","","","","","","","","","","","","","","","","","","","","","","","","","","","","","","","","","","","","","","","","","","","","","","","","","","","","","","","","","","","",
"Uruguay","URY","Children in employment, total (% of children ages 7-14)","SL.TLF.0714.ZS","","","","","","","","","","","","","","","","","","","","","","","","","","","","","","","","","","","","","","","","","","","","","","","","","","7.3","","","","","","","","","","","",
"United States","USA","Children in employment, total (% of children ages 7-14)","SL.TLF.0714.ZS","","","","","","","","","","","","","","","","","","","","","","","","","","","","","","","","","","","","","","","","","","","","","","","","","","","","","","","","","","","","","",
"Uzbekistan","UZB","Children in employment, total (% of children ages 7-14)","SL.TLF.0714.ZS","","","","","","","","","","","","","","","","","","","","","","","","","","","","","","","","","","","","","","","","","18.09417","","","","","5.1","5.1","","","","","","","","","","","","","","",
"St. Vincent and the Grenadines","VCT","Children in employment, total (% of children ages 7-14)","SL.TLF.0714.ZS","","","","","","","","","","","","","","","","","","","","","","","","","","","","","","","","","","","","","","","","","","","","","","","","","","","","","","","","","","","","","",
"Venezuela, RB","VEN","Children in employment, total (% of children ages 7-14)","SL.TLF.0714.ZS","","","","","","","","","","","","","","","","","","","","","","","","","","","","","","","","","","","","","","","","","","","","9.1","","5.4","5.1","","","","","","","3.910936","","","","","","","",
"British Virgin Islands","VGB","Children in employment, total (% of children ages 7-14)","SL.TLF.0714.ZS","","","","","","","","","","","","","","","","","","","","","","","","","","","","","","","","","","","","","","","","","","","","","","","","","","","","","","","","","","","","","",
"Virgin Islands (U.S.)","VIR","Children in employment, total (% of children ages 7-14)","SL.TLF.0714.ZS","","","","","","","","","","","","","","","","","","","","","","","","","","","","","","","","","","","","","","","","","","","","","","","","","","","","","","","","","","","","","",
"Vietnam","VNM","Children in employment, total (% of children ages 7-14)","SL.TLF.0714.ZS","","","","","","","","","","","","","","","","","","","","","","","","","","","","","","","","","","","","","","","","","","","","","","","21.3","","","","","13","10.9","","","","","","","","",
"Vanuatu","VUT","Children in employment, total (% of children ages 7-14)","SL.TLF.0714.ZS","","","","","","","","","","","","","","","","","","","","","","","","","","","","","","","","","","","","","","","","","","","","","","","","","","","","","","","","","","","","","",
"World","WLD","Children in employment, total (% of children ages 7-14)","SL.TLF.0714.ZS","","","","","","","","","","","","","","","","","","","","","","","","","","","","","","","","","","","","","","","","","","","","","","","","","","","","","","","","","","","","","",
"Samoa","WSM","Children in employment, total (% of children ages 7-14)","SL.TLF.0714.ZS","","","","","","","","","","","","","","","","","","","","","","","","","","","","","","","","","","","","","","","","","","","","","","","","","","","","","","","","","","","","","",
"Kosovo","XKX","Children in employment, total (% of children ages 7-14)","SL.TLF.0714.ZS","","","","","","","","","","","","","","","","","","","","","","","","","","","","","","","","","","","","","","","","","","","","","","","","","","","","","","","","","","","","","",
"Yemen, Rep.","YEM","Children in employment, total (% of children ages 7-14)","SL.TLF.0714.ZS","","","","","","","","","","","","","","","","","","","","","","","","","","","","","","","","","","","","","","","","13.14997","","","","","","","18.3","","","","16.1","","","","","","","","","","",
"South Africa","ZAF","Children in employment, total (% of children ages 7-14)","SL.TLF.0714.ZS","","","","","","","","","","","","","","","","","","","","","","","","","","","","","","","","","","","","","","","","27.7","","","","","","","","","","","","","","","","","","","","","",
"Zambia","ZMB","Children in employment, total (% of children ages 7-14)","SL.TLF.0714.ZS","","","","","","","","","","","","","","","","","","","","","","","","","","","","","","","","","","","","","","","","","","","","","","47.86269","","","34.4","","","","","","","","","","","","",
"Zimbabwe","ZWE","Children in employment, total (% of children ages 7-14)","SL.TLF.0714.ZS","","","","","","","","","","","","","","","","","","","","","","","","","","","","","","","","","","","","","","","","14.3","","","","","","","","","","","","","","","","","","","","","",
